kind,name,city,state,address,maps_url,phone,timings,price_band,halal,features,source
restaurant,Shahi Luqma Family Restaurant,Vadodara,Gujarat,"GF, TIME SQUARE, KISMAT CROSSING ROAD, Vasna - Tandalja Rd, near ZAMZAM TOWER, Ashwamegh Nagar, Tandalja, Vadodara, Gujarat 390012",https://maps.google.com/?cid=7380057148750957265&g_mp=Cidnb29nbGUubWFwcy5wbGFjZXMudjEuUGxhY2VzLlNlYXJjaFRleHQ,+91 90992 33288,"12:30-3:00 PM, 6:00-11:30 PM",Mid-range,Not sure,,Google Maps
restaurant,DASTARKHWAN By Cultural Kitchen,Vadodara,Gujarat,"Ground floor, golden nest, Vasna Rd, opp. ccd, Niti Park Society, Tagore Nagar, Diwalipura, Vadodara, Gujarat 390007",https://maps.google.com/?cid=3805858635118150731&g_mp=Cidnb29nbGUubWFwcy5wbGFjZXMudjEuUGxhY2VzLlNlYXJjaFRleHQ,+91 95108 73605,"11:00 AM-3:00 PM, 7:00-11:00 PM",Mid-range,Not sure,,Google Maps
restaurant,Kareem's,Vadodara,Gujarat,"First Floor The, Emerald Building, 103, nr. Chakli Circle, Race Course, Paris Nagar, Diwalipura, Vadodara, Gujarat 390007",https://maps.google.com/?cid=6033388850663739299&g_mp=Cidnb29nbGUubWFwcy5wbGFjZXMudjEuUGxhY2VzLlNlYXJjaFRleHQ,+91 79845 91257,12:00-11:00 PM,Higher-end,Strictly Halal,,Google Maps
restaurant,Marhaba Restaurant,Vadodara,Gujarat,"854X+94J, Salatwada Main Rd, Kagdiwada, Salatwada, Machhipith Naka, Vadodara, Gujarat 390001",https://maps.google.com/?cid=9001453355288617445&g_mp=Cidnb29nbGUubWFwcy5wbGFjZXMudjEuUGxhY2VzLlNlYXJjaFRleHQ,+91 98986 89663,1:00-11:00 PM,Budget,Not sure,,Google Maps
hotel,Hotel Nice,Vadodara,Gujarat,"2nd & 3rd floor, Orient Business Centre, opp. Suraj Plaza, Opp. HDFC Bank, Sayajiganj, Vadodara, Gujarat 390007",https://maps.google.com/?cid=11454479488590747632&g_mp=Cidnb29nbGUubWFwcy5wbGFjZXMudjEuUGxhY2VzLlNlYXJjaFRleHQ,+91 97277 22711,Open 24 hours,Budget,,,Google Maps
hotel,Hotel Marigold,Vadodara,Gujarat,"Near The Oasis Hotel, Dak Bunglaw, Sayajiganj, Vadodara, Gujarat 390007",https://maps.google.com/?cid=7679692382085095732&g_mp=Cidnb29nbGUubWFwcy5wbGFjZXMudjEuUGxhY2VzLlNlYXJjaFRleHQ,+91 93284 34240,,Budget,,,Google Maps
restaurant,Persia Restaurant,Jamnagar,Gujarat,"Dhararnagar, Street No. 2, nr. Shahidi Chowk, Jawahar Nagar, Jamnagar, Gujarat 361002",https://maps.google.com/?cid=6264779989378806399&g_mp=Cidnb29nbGUubWFwcy5wbGFjZXMudjEuUGxhY2VzLlNlYXJjaFRleHQ,,12:30-11:30 PM,Mid-range,Not sure,,Google Maps
restaurant,Sigdi Restaurant,Jamnagar,Gujarat,"Teen Darwaja, Chandi Bazar Rd, Bhangaar, Kadiawad, Jamnagar, Gujarat 361006",https://maps.google.com/?cid=7292691400235758781&g_mp=Cidnb29nbGUubWFwcy5wbGFjZXMudjEuUGxhY2VzLlNlYXJjaFRleHQ,+91 95102 30262,7:00 PM-12:30 AM,Mid-range,Not sure,,Google Maps - halal to confirm
restaurant,Al Arabian Chicken Shawarma And Pizza,Jamnagar,Gujarat,"Gulab Nagar Arzoo hotel, Jamnagar - Rajkot Hwy, Gulabnagar, Jamnagar, Gujarat 361001",https://maps.google.com/?cid=10978995561558367423&g_mp=Cidnb29nbGUubWFwcy5wbGFjZXMudjEuUGxhY2VzLlNlYXJjaFRleHQ,+91 82003 98598,6:00 PM-1:00 AM,Budget,Not sure,,Google Maps
hotel,Sayaji Jamnagar,Jamnagar,Gujarat,"Shreeji, Indira Gandhi Rd, near Ambar Crossing, Patrakar Colony, Jamnagar, Gujarat 361006",https://maps.google.com/?cid=14811784975347694112&g_mp=Cidnb29nbGUubWFwcy5wbGFjZXMudjEuUGxhY2VzLlNlYXJjaFRleHQ,+91 288 258 9999,,Higher-end,,,Google Maps
hotel,"The Fern Residency Jamnagar, Series by Marriott",Jamnagar,Gujarat,"Survey No. 612, JCR Cinema Pvt Ltd, Cross, Dwarka bypass Road, Theba, Jamnagar, Gujarat 361120",https://maps.google.com/?cid=15812101130904536406&g_mp=Cidnb29nbGUubWFwcy5wbGFjZXMudjEuUGxhY2VzLlNlYXJjaFRleHQ,+91 288 350 1000,Open 24 hours,Higher-end,,,Google Maps
restaurant,Shalimar Restaurant,Una,Gujarat,"Wadla chowk, Saiyed Wada, Una, Gujarat 362560",https://maps.google.com/?cid=1995603438698478172&g_mp=Cidnb29nbGUubWFwcy5wbGFjZXMudjEuUGxhY2VzLlNlYXJjaFRleHQ,+91 90337 75503,11:00 AM-11:30 PM,Budget,Not sure,,Google Maps
restaurant,Al-Zaika Restaurant,Una,Gujarat,"R2GV+8X6, Saiyed Wada, Una, Gujarat 362560",https://maps.google.com/?cid=873973346595950339&g_mp=Cidnb29nbGUubWFwcy5wbGFjZXMudjEuUGxhY2VzLlNlYXJjaFRleHQ,+91 74900 94900,,Budget,Not sure,,Google Maps
restaurant,Ajmeri Restaurant,Una,Gujarat,"Vadla chowk, Saiyed Wada, Una, Gujarat 362560",https://maps.google.com/?cid=15581540118106015975&g_mp=Cidnb29nbGUubWFwcy5wbGFjZXMudjEuUGxhY2VzLlNlYXJjaFRleHQ,+91 78740 77869,11:00 AM-11:00 PM,Budget,Not sure,,Google Maps
hotel,Hotel Radhe Inn,Una,Gujarat,"2nd Floor, Radhe Arcade, opp. S.T. Bus Stand, St Colony, Una, Gujarat 362560",https://maps.google.com/?cid=10371629944497627995&g_mp=Cidnb29nbGUubWFwcy5wbGFjZXMudjEuUGxhY2VzLlNlYXJjaFRleHQ,+91 74339 98877,Open 24 hours,Budget,,,Google Maps
hotel,Hotel Atithi & Rooms,Pithalpur,Gujarat,"NH 51, Mahuva - Bhavnagar Hwy, opp. Omkar Cotton, Talaja, Padari, Gujarat 364140",https://maps.google.com/?cid=3388434977988757062&g_mp=Cidnb29nbGUubWFwcy5wbGFjZXMudjEuUGxhY2VzLlNlYXJjaFRleHQ,+91 63534 97857,7:00 AM-11:30 PM,Budget,,,Google Maps (in Talaja)
hotel,Hotel Aditya & Restaurant,Pithalpur,Gujarat,"924H+GGW, Talaja, Gujarat 364140",https://maps.google.com/?cid=4545684673611345371&g_mp=Cidnb29nbGUubWFwcy5wbGFjZXMudjEuUGxhY2VzLlNlYXJjaFRleHQ,+91 90542 73737,,Budget,,,Google Maps (in Talaja)
restaurant,Al Zaaffran Restaurant,Sangli,Maharashtra,"Shiv Midtown, 100 Feet Rd, opp. Military Canteen, Sangli, Nishant Colony, Sangli Miraj Kupwad, Maharashtra 416416",https://maps.google.com/?cid=2769413880351547214&g_mp=Cidnb29nbGUubWFwcy5wbGFjZXMudjEuUGxhY2VzLlNlYXJjaFRleHQ,+91 93719 70303,11:00 AM-11:30 PM,Mid-range,Not sure,,Google Maps
restaurant,Rahamatullah Restaurant,Sangli,Maharashtra,"Sangli - Miraj Rd, Gandhi Nagar, Vishrambag, Sangli Miraj Kupwad, Maharashtra 416415",https://maps.google.com/?cid=8409895126106349145&g_mp=Cidnb29nbGUubWFwcy5wbGFjZXMudjEuUGxhY2VzLlNlYXJjaFRleHQ,+91 89754 65051,11:00 AM-11:30 PM,Mid-range,Not sure,,Google Maps
hotel,Hotel Sai Deluxe,Sangli,Maharashtra,"RHX7+M68, 100 Feet Rd, near Bus Stand, Sangli, Patrakar Nagar, Sangli Miraj Kupwad, Maharashtra 416416",https://maps.google.com/?cid=1266616597724059939&g_mp=Cidnb29nbGUubWFwcy5wbGFjZXMudjEuUGxhY2VzLlNlYXJjaFRleHQ,+91 98233 80950,Open 24 hours,Budget,,,Google Maps
hotel,Hotel Sukhrup,Sangli,Maharashtra,"Shop No.1, Jhulelal Chowk, Sangli, Khanbhag, Sangli Miraj Kupwad, Maharashtra 416416",https://maps.google.com/?cid=9496816486428168851&g_mp=Cidnb29nbGUubWFwcy5wbGFjZXMudjEuUGxhY2VzLlNlYXJjaFRleHQ,+91 77739 49009,Open 24 hours,Mid-range,,,Google Maps
restaurant,Al Zam Zam,Chandrapur,Maharashtra,"Nagpur Rd, Wadgaon, Chandrapur, Maharashtra 442401",https://maps.google.com/?cid=13876456741772455453&g_mp=Cidnb29nbGUubWFwcy5wbGFjZXMudjEuUGxhY2VzLlNlYXJjaFRleHQ,+91 95522 27186,11:00 AM-11:00 PM,Mid-range,Not sure,,Google Maps
restaurant,Hyderabad Swadh,Chandrapur,Maharashtra,"Nagpur Rd, Bapat Nagar, Postman Colony, Wadgaon, Chandrapur, Maharashtra 442401",https://maps.google.com/?cid=12844855292306608871&g_mp=Cidnb29nbGUubWFwcy5wbGFjZXMudjEuUGxhY2VzLlNlYXJjaFRleHQ,+91 93927 46199,12:00-11:00 PM,Mid-range,Not sure,,Google Maps - halal to confirm
hotel,Western Hotel,Chandrapur,Maharashtra,"Nagpur Rd, beside MDR Mall, Bapat Nagar, Postman Colony, Wadgaon, Chandrapur, Maharashtra 442401",https://maps.google.com/?cid=13694906187158126479&g_mp=Cidnb29nbGUubWFwcy5wbGFjZXMudjEuUGxhY2VzLlNlYXJjaFRleHQ,+91 76662 67449,,Mid-range,,,Google Maps
hotel,Hotel Lohara Inn,Chandrapur,Maharashtra,"Nagpur Rd, Civil Lines, Chandrapur, Maharashtra 442401",https://maps.google.com/?cid=15874552246741076435&g_mp=Cidnb29nbGUubWFwcy5wbGFjZXMudjEuUGxhY2VzLlNlYXJjaFRleHQ,+91 92725 22359,,Budget,,,Google Maps
hotel,LL Palace,Hinganghat,Maharashtra,"Main Rd, opposite Post Office, Indira Gandhi Ward, Dag Borkhedi, Hinganghat, Maharashtra 442301",https://maps.google.com/?cid=4879966415191998670&g_mp=Cidnb29nbGUubWFwcy5wbGFjZXMudjEuUGxhY2VzLlNlYXJjaFRleHQ,+91 88881 11115,,Mid-range,,,Google Maps
hotel,Hotel Town Crown,Hinganghat,Maharashtra,"Nandori Rd, Sant Tukdoji Ward, Pimpalgaon, Maharashtra 442301",https://maps.google.com/?cid=5389712708471564541&g_mp=Cidnb29nbGUubWFwcy5wbGFjZXMudjEuUGxhY2VzLlNlYXJjaFRleHQ,+91 88889 94004,,Budget,,,Google Maps
restaurant,Noorjaha Prime,Raipur,Chhattisgarh,"Baijnathpara, Raipur, Chhattisgarh 492001",https://maps.google.com/?cid=8793511509148091615&g_mp=Cidnb29nbGUubWFwcy5wbGFjZXMudjEuUGxhY2VzLlNlYXJjaFRleHQ,+91 83700 09993,12:00-11:30 PM,Mid-range,Not sure,,Google Maps
hotel,Le Roi Raipur Hotel,Raipur,Chhattisgarh,"Multifunctional Complex Raipur, Railway Station, Station Road, Moudhapara, Raipur, Chhattisgarh 492009",https://maps.google.com/?cid=18242539764379054723&g_mp=Cidnb29nbGUubWFwcy5wbGFjZXMudjEuUGxhY2VzLlNlYXJjaFRleHQ,+91 93508 12345,Open 24 hours,Budget,,,Google Maps
hotel,KUBO by Convivial Hotels,Raipur,Chhattisgarh,"in front of pf number 7, near Ramnagar bridge, Ramnagar, Kota, Gudhiyari, Raipur, Chhattisgarh 492001",https://maps.google.com/?cid=10561578665627305480&g_mp=Cidnb29nbGUubWFwcy5wbGFjZXMudjEuUGxhY2VzLlNlYXJjaFRleHQ,+91 79094 91909,,Mid-range,,,Google Maps
