kind,name,city,state,address,maps_url,phone,timings,price_band,halal,features,source
restaurant,Shalimar Restaurant,Mumbai,Maharashtra,"Vazir Building, Bhendi Bazaar, Sandhurst Road, Mumbai, Maharashtra 400003",https://www.google.com/maps/search/Shalimar+Restaurant+Bhendi+Bazaar+Mumbai,,,Mid-range,Strictly Halal,Family-friendly; Near the masjid,Google Maps
restaurant,Jaffer Bhai's Delhi Darbar,Mumbai,Maharashtra,"18, Lady Jamshedji Road, Dongri, Umerkhadi, Mumbai, Maharashtra 400009",https://www.google.com/maps/search/Jaffer+Bhai's+Delhi+Darbar+Dongri+Mumbai,,,Mid-range,Strictly Halal,Family-friendly,Google Maps
restaurant,Chinese N Grill,Mumbai,Maharashtra,"122/132, Barkat Ali Naka, Bhendi Bazaar, Mumbai, Maharashtra 400003",https://www.google.com/maps/search/Chinese+N+Grill+Bhendi+Bazaar+Mumbai,,,Mid-range,Strictly Halal,Family-friendly,Google Maps
hotel,Hotel Al-Moazin,Mumbai,Maharashtra,"89, 91, Bapu Khote Street, Pydhonie, Mandvi, Mumbai, Maharashtra 400003",https://www.google.com/maps/search/Hotel+Al-Moazin+Mumbai,,,Budget,,Near the masjid,Google Maps
hotel,Hotel Sapna Marine,Mumbai,Maharashtra,"1st Floor, 81, Marine Street, Dhobi Talao, Mumbai, Maharashtra 400002",https://www.google.com/maps/search/Hotel+Sapna+Marine+Mumbai,,,Mid-range,,Family-friendly,Google Maps
restaurant,George Restaurant,Pune,Maharashtra,"2436, General Thimayya Road, East Street, Camp, Pune, Maharashtra 411001",https://www.google.com/maps/search/George+Restaurant+Camp+Pune,,,Mid-range,Strictly Halal,Family-friendly,Google Maps
restaurant,Persian Darbar,Pune,Maharashtra,"Wellesley Road, Camp, Pune, Maharashtra 411001",https://www.google.com/maps/search/Persian+Darbar+Camp+Pune,,,Mid-range,Strictly Halal,Family-friendly,Google Maps
restaurant,Blue Nile,Pune,Maharashtra,"102, Bund Garden Road, Agarkar Nagar, Pune, Maharashtra 411001",https://www.google.com/maps/search/Blue+Nile+Camp+Pune,,,Mid-range,Strictly Halal,Family-friendly,Google Maps
hotel,Hotel Pearl,Pune,Maharashtra,"Opp. Balgandharva Rangmandir, J.M. Road, Shivajinagar, Pune, Maharashtra 411005",https://www.google.com/maps/search/Hotel+Pearl+Pune,,,Budget,,Family-friendly,Google Maps
hotel,Silver Inn,Pune,Maharashtra,"Near Sadhu Vaswani Chowk, Camp, Pune, Maharashtra 411001",https://www.google.com/maps/search/Silver+Inn+Camp+Pune,,,Mid-range,,Near the masjid,Google Maps
restaurant,Hotel Nayaab,Hyderabad,Telangana,"22-8-111 & 112, Nayapul Road, Chatta Bazar, Darulshifa, Hyderabad, Telangana 500024",https://www.google.com/maps/search/Hotel+Nayaab+Darulshifa+Hyderabad,,,Budget,Strictly Halal,Near the masjid,Google Maps
restaurant,Hotel Shadab,Hyderabad,Telangana,"Plot 21, High Court Road, Ghansi Bazaar, Hyderabad, Telangana 500066",https://www.google.com/maps/search/Hotel+Shadab+Hyderabad,,,Mid-range,Strictly Halal,Family-friendly,Google Maps
restaurant,Al Alhamdulillah,Hyderabad,Telangana,"Near Nampally Railway Station, Nampally, Hyderabad, Telangana 500001",https://www.google.com/maps/search/Al+Alhamdulillah+Nampally+Hyderabad,,,Budget,Strictly Halal,,Google Maps
hotel,Hotel Tara International,Hyderabad,Telangana,"Bank Street, Koti, Hyderabad, Telangana 500095",https://www.google.com/maps/search/Hotel+Tara+International+Hyderabad,,,Mid-range,,Family-friendly,Google Maps
hotel,Hotel Rajmata,Hyderabad,Telangana,"Public Garden Road, Nampally, Hyderabad, Telangana 500001",https://www.google.com/maps/search/Hotel+Rajmata+Hyderabad,,,Budget,,Family-friendly,Google Maps
restaurant,Empire Restaurant,Bengaluru,Karnataka,"80, Richmond Road, Richmond Town, Bengaluru, Karnataka 560025",https://www.google.com/maps/search/Empire+Restaurant+Richmond+Town+Bengaluru,,,Mid-range,Strictly Halal,Family-friendly,Google Maps
restaurant,Fanoos,Bengaluru,Karnataka,"Hosur Road, Richmond Town, Bengaluru, Karnataka 560025",https://www.google.com/maps/search/Fanoos+Richmond+Town+Bengaluru,,,Budget,Strictly Halal,Near the masjid,Google Maps
restaurant,Imperial Restaurant,Bengaluru,Karnataka,"Residency Road, Ashok Nagar, Bengaluru, Karnataka 560025",https://www.google.com/maps/search/Imperial+Restaurant+Residency+Road+Bengaluru,,,Mid-range,Strictly Halal,Family-friendly,Google Maps
hotel,Ibis Bengaluru City Centre,Bengaluru,Karnataka,"Rajaram Mohan Roy Road, Richmond Town, Bengaluru, Karnataka 560027",https://www.google.com/maps/search/Ibis+Bengaluru+City+Centre,,,Higher-end,,Family-friendly; Near the masjid,Google Maps
restaurant,Baghdad Fry Centre (Madari Ka Tawa),Ahmedabad,Gujarat,"Dahyabhai Parmar Road, Khanpur, Ahmedabad, Gujarat 380001",https://www.google.com/maps/search/Baghdad+Fry+Centre+Ahmedabad,,,Mid-range,Strictly Halal,,Google Maps
restaurant,Magic Chicken,Ahmedabad,Gujarat,"Relief Road, Kalupur, Ahmedabad, Gujarat 380001",https://www.google.com/maps/search/Magic+Chicken+Relief+Road+Ahmedabad,,,Budget,Strictly Halal,Near the masjid,Google Maps
hotel,Sarovar Portico Kalupur,Ahmedabad,Gujarat,"Near Kalupur Railway Station, Kalupur, Ahmedabad, Gujarat 380002",https://www.google.com/maps/search/Sarovar+Portico+Kalupur+Ahmedabad,,,Mid-range,,Family-friendly; Near the masjid,Google Maps
hotel,Treebo Ambassador,Ahmedabad,Gujarat,"Nehru Bridge, Ellisbridge, Ahmedabad, Gujarat 380009",https://www.google.com/maps/search/Treebo+Ambassador+Ahmedabad,,,Budget,,Family-friendly,Google Maps
hotel,Hotel Nilambag Palace,Bhavnagar,Gujarat,"Nilambag Circle, Bhavnagar, Gujarat 364002",https://www.google.com/maps/search/Hotel+Nilambag+Palace+Bhavnagar,,,Higher-end,,Family-friendly,Google Maps
hotel,Hotel Apollo,Bhavnagar,Gujarat,"Opp. Central Bus Station, Bhavnagar, Gujarat 364001",https://www.google.com/maps/search/Hotel+Apollo+Bhavnagar,,,Budget,,Family-friendly,Google Maps
restaurant,Babbu's Hotel,Nagpur,Maharashtra,"Mominpura, Nagpur, Maharashtra 440018",https://www.google.com/maps/search/Babbu's+Hotel+Mominpura+Nagpur,,,Budget,Strictly Halal,Near the masjid,Google Maps
restaurant,Hotel Al Zam Zam,Nagpur,Maharashtra,"Central Avenue Road, Nagpur, Maharashtra 440018",https://www.google.com/maps/search/Hotel+Al+Zam+Zam+CA+Road+Nagpur,,,Mid-range,Strictly Halal,Family-friendly,Google Maps
hotel,Hotel Amir,Nagpur,Maharashtra,"Central Avenue, Near Railway Station, Nagpur, Maharashtra 440018",https://www.google.com/maps/search/Hotel+Amir+Nagpur,,,Budget,,Family-friendly,Google Maps
