kind,name,city,state,nearest_rail,nearest_air,aliases,phone,size_estimate,size_evidence,notes,source
jamaat,KSIJ of Bhavnagar,Bhavnagar,Gujarat,Bhavnagar Terminus (BVC),Bhavnagar (BHU),,,medium,Has a dedicated office and official community website.,,https://www.ksijbhavnagar.org/
jamaat,Kalupur Jamaat & Sarkhej Jamaat,Ahmedabad,Gujarat,Ahmedabad Junction (ADI),Ahmedabad (AMD),Amdavad,,medium,Has two distinct centers (masjids) in different neighborhoods.,Ahmedabad has two KSI jamaats; Kalupur is central and Sarkhej is in the Juhapura area.,https://shiaportal.com/centers
jamaat,Baroda Jamaat,Vadodara,Gujarat,Vadodara Junction (BRC),Vadodara (BDQ),Baroda,,medium,Established community in a major Gujarat commercial hub.,,https://khojapedia.com/wiki/index.php?title=Khoja_Shia_Ithna_Asheri_Jamaats_%26_Regional_Federations_Around_The_Globe
jamaat,Jamnagar Jamaat,Jamnagar,Gujarat,Jamnagar (JAM),Jamnagar (JGA),,,small,Smaller regional community listed in the Gujarat council.,,https://khojapedia.com/wiki/index.php?title=Khoja_Shia_Ithna_Asheri_Jamaats_%26_Regional_Federations_Around_The_Globe
jamaat,Una Jamaat,Una,Gujarat,,Diu (DIU),,,small,Small local jamaat in the Gir Somnath coastal region.,,https://khojapedia.com/wiki/index.php?title=Khoja_Shia_Ithna_Asheri_Jamaats_%26_Regional_Federations_Around_The_Globe
jamaat,Pithalpur Jamaat,Pithalpur,Gujarat,Bhavnagar Terminus (BVC),Bhavnagar (BHU),,,small,Village-level jamaat in Bhavnagar district.,Located in a village near Talaja.,https://khojapedia.com/wiki/index.php?title=Khoja_Shia_Ithna_Asheri_Jamaats_%26_Regional_Federations_Around_The_Globe
jamaat,Khoja Shia Isnaashari Jamat Mumbai,Mumbai,Maharashtra,Chhatrapati Shivaji Maharaj Terminus (CSMT),Mumbai (BOM),Bombay,,large,Headquarters of the India Federation with massive infrastructure.,The central hub for Khoja Shias in India.,https://khojapedia.com/wiki/index.php?title=Khoja_Shia_Ithna_Asheri_Jamaats_%26_Regional_Federations_Around_The_Globe
jamaat,Khoja Shia Isna Ashari Jamaat of Pune,Pune,Maharashtra,Pune Junction (PUNE),Pune (PNQ),Poona,,medium,Major city with established community institutions.,,https://khojapedia.com/wiki/index.php?title=Khoja_Shia_Ithna_Asheri_Jamaats_%26_Regional_Federations_Around_The_Globe
jamaat,Nagpur Jamaat,Nagpur,Maharashtra,Nagpur Junction (NGP),Nagpur (NAG),,,medium,Listed centrally in the regional federation directory.,,https://khojapedia.com/wiki/index.php?title=Khoja_Shia_Ithna_Asheri_Jamaats_%26_Regional_Federations_Around_The_Globe
jamaat,Masjid-e-Ali Ibne Abu Talib - Sangli Jamaat,Sangli,Maharashtra,Sangli (SLI),Kolhapur (KLH),,,small,Operating primarily out of a single masjid.,,https://khojapedia.com/wiki/index.php?title=Khoja_Shia_Ithna_Asheri_Jamaats_%26_Regional_Federations_Around_The_Globe
jamaat,KSIJ Chandrapur,Chandrapur,Maharashtra,Chandrapur (CD),Nagpur (NAG),Chanda,,small,Small inland community in eastern Maharashtra.,,https://khojapedia.com/wiki/index.php?title=Khoja_Shia_Ithna_Asheri_Jamaats_%26_Regional_Federations_Around_The_Globe
jamaat,Khoja Shia Isna Ashri Jamaat Hinganghat,Hinganghat,Maharashtra,Hinganghat (HGT),Nagpur (NAG),,,small,Serves a smaller local township near Nagpur.,,https://shiaportal.com/centers
jamaat,KSIJ Bangalore,Bengaluru,Karnataka,KSR Bengaluru (SBC),Bengaluru (BLR),Bangalore,,medium,Capital city with dedicated KSIA presence.,,https://khojapedia.com/wiki/index.php?title=Khoja_Shia_Ithna_Asheri_Jamaats_%26_Regional_Federations_Around_The_Globe
jamaat,Khoja Shia Isna Ashri Jamaat Hyderabad,Hyderabad,Telangana,Hyderabad Deccan (HYB),Hyderabad (HYD),,,small,Distinct Khoja jamaat within a larger Shia city.,,https://shiaportal.com/centers
jamaat,KSIJ Raipur,Raipur,Chhattisgarh,Raipur Junction (R),Raipur (RPR),,,small,Small regional center in central India.,,https://khojapedia.com/wiki/index.php?title=Khoja_Shia_Ithna_Asheri_Jamaats_%26_Regional_Federations_Around_The_Globe
