region,state,city,locality,jamaat_name,source_url
West,Gujarat,Bhavnagar,,KSIJ of Bhavnagar,https://khojapedia.com/wiki/index.php?title=Khoja_Shia_Ithna_Asheri_Jamaats_%26_Regional_Federations_Around_The_Globe
West,Gujarat,Gadhada,,Gadhada Jamaat,https://khojapedia.com/wiki/index.php?title=Khoja_Shia_Ithna_Asheri_Jamaats_%26_Regional_Federations_Around_The_Globe
West,Gujarat,Jamnagar,,Jamnagar Jamaat,https://khojapedia.com/wiki/index.php?title=Khoja_Shia_Ithna_Asheri_Jamaats_%26_Regional_Federations_Around_The_Globe
West,Gujarat,Ranpur,,Ranpur Jamaat,https://khojapedia.com/wiki/index.php?title=Khoja_Shia_Ithna_Asheri_Jamaats_%26_Regional_Federations_Around_The_Globe
West,Gujarat,Barwala,,Barwala Jamaat,https://khojapedia.com/wiki/index.php?title=Khoja_Shia_Ithna_Asheri_Jamaats_%26_Regional_Federations_Around_The_Globe
West,Gujarat,Bhadraval,,Bhadraval Jamaat,https://khojapedia.com/wiki/index.php?title=Khoja_Shia_Ithna_Asheri_Jamaats_%26_Regional_Federations_Around_The_Globe
West,Gujarat,Mahuva,Bila,Bila Jamaat,https://khojapedia.com/wiki/index.php?title=Khoja_Shia_Ithna_Asheri_Jamaats_%26_Regional_Federations_Around_The_Globe
West,Gujarat,Bordi,,Bordi Jamaat,https://khojapedia.com/wiki/index.php?title=Khoja_Shia_Ithna_Asheri_Jamaats_%26_Regional_Federations_Around_The_Globe
West,Gujarat,Talaja,,Devli Jamaat,https://khojapedia.com/wiki/index.php?title=Khoja_Shia_Ithna_Asheri_Jamaats_%26_Regional_Federations_Around_The_Globe
West,Gujarat,Dihor,,Dihor Jamaat,https://khojapedia.com/wiki/index.php?title=Khoja_Shia_Ithna_Asheri_Jamaats_%26_Regional_Federations_Around_The_Globe
West,Gujarat,Mahuva,Kaleja,Kaleja Jamaat,https://khojapedia.com/wiki/index.php?title=Khoja_Shia_Ithna_Asheri_Jamaats_%26_Regional_Federations_Around_The_Globe
West,Gujarat,Kikariya,,Kikariya Jamaat,https://khojapedia.com/wiki/index.php?title=Khoja_Shia_Ithna_Asheri_Jamaats_%26_Regional_Federations_Around_The_Globe
West,Gujarat,Mahuva,Khutavda,Khutavda Jamaat,https://khojapedia.com/wiki/index.php?title=Khoja_Shia_Ithna_Asheri_Jamaats_%26_Regional_Federations_Around_The_Globe
West,Gujarat,Mahuva,Gundarana,Gundarana Jamaat,https://khojapedia.com/wiki/index.php?title=Khoja_Shia_Ithna_Asheri_Jamaats_%26_Regional_Federations_Around_The_Globe
West,Gujarat,Jafarabad,,Jafarabad Jamaat,https://khojapedia.com/wiki/index.php?title=Khoja_Shia_Ithna_Asheri_Jamaats_%26_Regional_Federations_Around_The_Globe
West,Gujarat,Kukad,,Kukad Jamaat,https://khojapedia.com/wiki/index.php?title=Khoja_Shia_Ithna_Asheri_Jamaats_%26_Regional_Federations_Around_The_Globe
West,Gujarat,Monpar,,Monpar Jamaat,https://khojapedia.com/wiki/index.php?title=Khoja_Shia_Ithna_Asheri_Jamaats_%26_Regional_Federations_Around_The_Globe
West,Gujarat,Talaja,Pithalpur,Pithalpur Jamaat,https://khojapedia.com/wiki/index.php?title=Khoja_Shia_Ithna_Asheri_Jamaats_%26_Regional_Federations_Around_The_Globe
West,Gujarat,Una,,Una Jamaat,https://khojapedia.com/wiki/index.php?title=Khoja_Shia_Ithna_Asheri_Jamaats_%26_Regional_Federations_Around_The_Globe
West,Gujarat,Talaja,Thaliya,Thaliya Jamaat,https://khojapedia.com/wiki/index.php?title=Khoja_Shia_Ithna_Asheri_Jamaats_%26_Regional_Federations_Around_The_Globe
West,Gujarat,Ahmedabad,,Kalupur Jamaat,https://khojapedia.com/wiki/index.php?title=Khoja_Shia_Ithna_Asheri_Jamaats_%26_Regional_Federations_Around_The_Globe
West,Gujarat,Ahmedabad,,Sarkhej Jamaat,https://khojapedia.com/wiki/index.php?title=Khoja_Shia_Ithna_Asheri_Jamaats_%26_Regional_Federations_Around_The_Globe
West,Gujarat,Rajula,,Rajula Jamaat,https://khojapedia.com/wiki/index.php?title=Khoja_Shia_Ithna_Asheri_Jamaats_%26_Regional_Federations_Around_The_Globe
West,Gujarat,Shihor,,Shihor Jamaat,https://khojapedia.com/wiki/index.php?title=Khoja_Shia_Ithna_Asheri_Jamaats_%26_Regional_Federations_Around_The_Globe
West,Gujarat,Songadh,,Songadh Jamaat,https://khojapedia.com/wiki/index.php?title=Khoja_Shia_Ithna_Asheri_Jamaats_%26_Regional_Federations_Around_The_Globe
West,Gujarat,Bhavnagar,Tana,Tana Jamaat,https://khojapedia.com/wiki/index.php?title=Khoja_Shia_Ithna_Asheri_Jamaats_%26_Regional_Federations_Around_The_Globe
West,Gujarat,Viramgam,,Viramgam Jamaat,https://khojapedia.com/wiki/index.php?title=Khoja_Shia_Ithna_Asheri_Jamaats_%26_Regional_Federations_Around_The_Globe
West,Gujarat,Amreli,,Amreli Jamaat,https://khojapedia.com/wiki/index.php?title=Khoja_Shia_Ithna_Asheri_Jamaats_%26_Regional_Federations_Around_The_Globe
West,Gujarat,Ankleshwar,,Ankleshwar Jamaat,https://khojapedia.com/wiki/index.php?title=Khoja_Shia_Ithna_Asheri_Jamaats_%26_Regional_Federations_Around_The_Globe
West,Gujarat,Dediapada,,Dediapada Jamaat,https://khojapedia.com/wiki/index.php?title=Khoja_Shia_Ithna_Asheri_Jamaats_%26_Regional_Federations_Around_The_Globe
West,Gujarat,Khambhat,,Khambhat Jamaat,https://khojapedia.com/wiki/index.php?title=Khoja_Shia_Ithna_Asheri_Jamaats_%26_Regional_Federations_Around_The_Globe
West,Gujarat,Lalpur,,Lalpur Jamaat,https://khojapedia.com/wiki/index.php?title=Khoja_Shia_Ithna_Asheri_Jamaats_%26_Regional_Federations_Around_The_Globe
West,Gujarat,Limbdi,,Limbdi Jamaat,https://khojapedia.com/wiki/index.php?title=Khoja_Shia_Ithna_Asheri_Jamaats_%26_Regional_Federations_Around_The_Globe
West,Gujarat,Malia,,Malia Jamaat,https://khojapedia.com/wiki/index.php?title=Khoja_Shia_Ithna_Asheri_Jamaats_%26_Regional_Federations_Around_The_Globe
West,Gujarat,Vadodara,,Baroda Jamaat,https://khojapedia.com/wiki/index.php?title=Khoja_Shia_Ithna_Asheri_Jamaats_%26_Regional_Federations_Around_The_Globe
West,Gujarat,Bharuch,,Bharuch Jamaat,https://khojapedia.com/wiki/index.php?title=Khoja_Shia_Ithna_Asheri_Jamaats_%26_Regional_Federations_Around_The_Globe
West,Gujarat,Palitana,,Palitana Jamaat,https://khojapedia.com/wiki/index.php?title=Khoja_Shia_Ithna_Asheri_Jamaats_%26_Regional_Federations_Around_The_Globe
West,Gujarat,Talaja,,Talaja Jamaat,https://khojapedia.com/wiki/index.php?title=Khoja_Shia_Ithna_Asheri_Jamaats_%26_Regional_Federations_Around_The_Globe
West,Gujarat,Vartej,,Vartej Jamaat,https://khojapedia.com/wiki/index.php?title=Khoja_Shia_Ithna_Asheri_Jamaats_%26_Regional_Federations_Around_The_Globe
West,Gujarat,Vijapadi,,Vijapadi Jamaat,https://khojapedia.com/wiki/index.php?title=Khoja_Shia_Ithna_Asheri_Jamaats_%26_Regional_Federations_Around_The_Globe
West,Gujarat,Mahuva,,Madresah Party (Mahuva),https://khojapedia.com/wiki/index.php?title=Khoja_Shia_Ithna_Asheri_Jamaats_%26_Regional_Federations_Around_The_Globe
West,Gujarat,Mahuva,,Dargah Party (Mahuva),https://khojapedia.com/wiki/index.php?title=Khoja_Shia_Ithna_Asheri_Jamaats_%26_Regional_Federations_Around_The_Globe
West,Gujarat,Surat,,Surat Jamaat,https://khojapedia.com/wiki/index.php?title=Khoja_Shia_Ithna_Asheri_Jamaats_%26_Regional_Federations_Around_The_Globe
West,Gujarat,Bhuj,,Bhuj Jamaat (Kutch),https://khojapedia.com/wiki/index.php?title=Khoja_Shia_Ithna_Asheri_Jamaats_%26_Regional_Federations_Around_The_Globe
West,Gujarat,Moti Nagalpur,,Nagalpur Jamaat (Kutch),https://khojapedia.com/wiki/index.php?title=Khoja_Shia_Ithna_Asheri_Jamaats_%26_Regional_Federations_Around_The_Globe
West,Gujarat,Kera,,Kera Jamaat (Kutch),https://khojapedia.com/wiki/index.php?title=Khoja_Shia_Ithna_Asheri_Jamaats_%26_Regional_Federations_Around_The_Globe
West,Gujarat,Mundra,,Mundra Jamaat (Kutch),https://khojapedia.com/wiki/index.php?title=Khoja_Shia_Ithna_Asheri_Jamaats_%26_Regional_Federations_Around_The_Globe
West,Gujarat,Mandvi,,Mandvi Jamaat (Kutch),https://khojapedia.com/wiki/index.php?title=Khoja_Shia_Ithna_Asheri_Jamaats_%26_Regional_Federations_Around_The_Globe
West,Gujarat,Anand,,Anand Jamaat,https://khojapedia.com/wiki/index.php?title=Khoja_Shia_Ithna_Asheri_Jamaats_%26_Regional_Federations_Around_The_Globe
West,Gujarat,Vapi,,"Roza E Imam Husain (a.s), Silvassa",https://khojapedia.com/wiki/index.php?title=Khoja_Shia_Ithna_Asheri_Jamaats_%26_Regional_Federations_Around_The_Globe
West,Gujarat,Vapi,,"Shia Ishna Asheri Mosque, Vapi",https://khojapedia.com/wiki/index.php?title=Khoja_Shia_Ithna_Asheri_Jamaats_%26_Regional_Federations_Around_The_Globe
West,Maharashtra,Mumbai,,KSIJ of Mumbai,https://khojapedia.com/wiki/index.php?title=Khoja_Shia_Ithna_Asheri_Jamaats_%26_Regional_Federations_Around_The_Globe
West,Maharashtra,Sangli,,Masjid -e- Ali Ibne Abu Talib - Sangli Jamaat,https://khojapedia.com/wiki/index.php?title=Khoja_Shia_Ithna_Asheri_Jamaats_%26_Regional_Federations_Around_The_Globe
West,Maharashtra,Pune,,Khoja Shia Isna Ashari Jamaat of Pune,https://khojapedia.com/wiki/index.php?title=Khoja_Shia_Ithna_Asheri_Jamaats_%26_Regional_Federations_Around_The_Globe
South,Karnataka,Bangaluru,,KSIJ Bangalore,https://khojapedia.com/wiki/index.php?title=Khoja_Shia_Ithna_Asheri_Jamaats_%26_Regional_Federations_Around_The_Globe
South,Telangana,Hyderabad,,Khoja Shia Isna Ashri Jamaat Hyderabad,https://khojapedia.com/wiki/index.php?title=Khoja_Shia_Ithna_Asheri_Jamaats_%26_Regional_Federations_Around_The_Globe
West,Maharashtra,Hinganghat,,Khoja Shia Isna Ashri Jamaat Hinganghat,https://khojapedia.com/wiki/index.php?title=Khoja_Shia_Ithna_Asheri_Jamaats_%26_Regional_Federations_Around_The_Globe
West,Maharashtra,Nagpur,,Bramhapuri Jamaat,https://khojapedia.com/wiki/index.php?title=Khoja_Shia_Ithna_Asheri_Jamaats_%26_Regional_Federations_Around_The_Globe
West,Maharashtra,Nagpur,,Nagpur Jamaat,https://khojapedia.com/wiki/index.php?title=Khoja_Shia_Ithna_Asheri_Jamaats_%26_Regional_Federations_Around_The_Globe
West,Maharashtra,Rajura,,Rajura Jamaat,https://khojapedia.com/wiki/index.php?title=Khoja_Shia_Ithna_Asheri_Jamaats_%26_Regional_Federations_Around_The_Globe
West,Maharashtra,Warora,,Khoja Shia Isna Ashri Jamaat Warora,https://khojapedia.com/wiki/index.php?title=Khoja_Shia_Ithna_Asheri_Jamaats_%26_Regional_Federations_Around_The_Globe
West,Maharashtra,Chimur,,Chimur Jamaat,https://khojapedia.com/wiki/index.php?title=Khoja_Shia_Ithna_Asheri_Jamaats_%26_Regional_Federations_Around_The_Globe
Central,Chhattisgarh,Raipur,,KSIJ Raipur,https://khojapedia.com/wiki/index.php?title=Khoja_Shia_Ithna_Asheri_Jamaats_%26_Regional_Federations_Around_The_Globe
West,Maharashtra,Chandrapur,,KSIJ Chandrapur,https://khojapedia.com/wiki/index.php?title=Khoja_Shia_Ithna_Asheri_Jamaats_%26_Regional_Federations_Around_The_Globe
West,Maharashtra,Nagpur,,Khoja Shia Isna Ashri Welfare Society Nagpur,https://khojapedia.com/wiki/index.php?title=Khoja_Shia_Ithna_Asheri_Jamaats_%26_Regional_Federations_Around_The_Globe
