n,region,state,city,jamaat_name,size,target
1,West,Gujarat,Bhavnagar,KSIJ of Bhavnagar,,
2,West,Gujarat,Ahmedabad,Kalupur Jamaat & Sarkhej Jamaat,,
3,West,Gujarat,Vadodara,Baroda Jamaat,,
4,West,Gujarat,Jamnagar,Jamnagar Jamaat,,
5,West,Gujarat,Una,Una Jamaat,,
6,West,Gujarat,Pithalpur,Pithalpur Jamaat,,
7,West,Maharashtra,Mumbai,KSIJ of Mumbai,,
8,West,Maharashtra,Pune,Khoja Shia Isna Ashari Jamaat of Pune,,
9,West,Maharashtra,Nagpur,Nagpur Jamaat,,
10,West,Maharashtra,Sangli,Masjid-e-Ali Ibne Abu Talib - Sangli Jamaat,,
11,West,Maharashtra,Chandrapur,KSIJ Chandrapur,,
12,West,Maharashtra,Hinganghat,Khoja Shia Isna Ashri Jamaat Hinganghat,,
13,South,Karnataka,Bengaluru,KSIJ Bangalore,,
14,South,Telangana,Hyderabad,Khoja Shia Isna Ashri Jamaat Hyderabad,,
15,Central,Chhattisgarh,Raipur,KSIJ Raipur,,
